City_ID,City,Lat,Lng,Max Temp,Humidity,Cloudiness,Wind Speed,Country,Date
0,loei,17.4167,101.5,17.84,54,56,2.26,TH,2022-12-30
1,quatre cocos,-20.2078,57.7625,27.83,69,20,2.42,MU,2022-12-30
2,lompoc,34.6391,-120.4579,13.4,88,100,2.06,US,2022-12-30
3,ushuaia,-54.8,-68.3,5.81,81,75,12.35,AR,2022-12-30
4,cabra,37.4725,-4.4421,9.24,77,46,1.62,ES,2022-12-30
5,hilo,19.7297,-155.09,22.92,85,40,2.57,US,2022-12-30
6,port alfred,-33.5906,26.891,15.1,94,41,1.51,ZA,2022-12-30
7,chapais,49.7834,-74.8492,-0.12,99,100,3.47,CA,2022-12-30
8,puerto ayora,-0.7393,-90.3518,22.53,96,43,2.47,EC,2022-12-30
9,coahuayana,18.7333,-103.6833,21.04,76,100,1.65,MX,2022-12-30
10,ostrovnoy,68.0531,39.5131,-7.26,88,13,7.67,RU,2022-12-30
11,punta arenas,-53.15,-70.9167,8.06,66,75,8.75,CL,2022-12-30
12,santiago,-33.4569,-70.6483,22.14,42,0,4.12,CL,2022-12-30
13,kahului,20.8947,-156.47,25.47,73,40,3.09,US,2022-12-30
14,atuona,-9.8,-139.0333,25.56,74,15,6.02,PF,2022-12-30
15,dikson,73.5069,80.5464,-26.89,98,99,8.84,RU,2022-12-30
16,umm lajj,25.0213,37.2685,21.18,40,18,0.62,SA,2022-12-30
17,mataura,-46.1927,168.8643,19.3,34,24,2.69,NZ,2022-12-30
18,takoradi,4.8845,-1.7554,25.31,85,94,0.99,GH,2022-12-30
19,port elizabeth,-33.918,25.5701,15.05,94,20,1.54,ZA,2022-12-30
20,trinidad,-14.8333,-64.9,22.2,95,100,1.32,BO,2022-12-30
21,dubbo,-32.25,148.6167,32.07,29,26,5.66,AU,2022-12-30
22,qaanaaq,77.484,-69.3632,-31.99,72,21,2.64,GL,2022-12-30
23,haverfordwest,51.8017,-4.9691,10.03,89,100,4.02,GB,2022-12-30
24,misrikh,27.45,80.5167,15.35,45,50,2.23,IN,2022-12-30
25,khatanga,71.9667,102.5,-25.72,95,97,6.48,RU,2022-12-30
26,iqaluit,63.7506,-68.5145,-26.15,76,40,9.77,CA,2022-12-30
27,batagay-alyta,67.8006,130.4114,-34.76,92,72,2.66,RU,2022-12-30
28,bluff,-46.6,168.3333,13.54,58,31,4.66,NZ,2022-12-30
29,chuy,-33.6971,-53.4616,14.51,77,0,2.07,UY,2022-12-30
30,vaini,-21.2,-175.2,24.09,94,100,4.12,TO,2022-12-30
31,mayo,38.8876,-76.5119,7.5,86,0,2.06,US,2022-12-30
32,new norfolk,-42.7826,147.0587,22.73,39,7,0.89,AU,2022-12-30
33,saint-philippe,-21.3585,55.7679,26.77,74,18,2.26,RE,2022-12-30
34,barrow,71.2906,-156.7887,-18.99,78,100,6.69,US,2022-12-30
35,san quintin,30.4833,-115.95,14.65,74,33,4.56,MX,2022-12-30
36,cape town,-33.9258,18.4232,18.54,54,89,5.81,ZA,2022-12-30
37,osecina,44.3731,19.6014,6.62,78,11,2.7,RS,2022-12-30
38,bengkulu,-3.8004,102.2655,28.23,65,97,4.23,ID,2022-12-30
39,baihar,22.1,80.55,22.52,26,0,0.66,IN,2022-12-30
40,hirara,24.8,125.2833,19.15,88,75,12.35,JP,2022-12-30
41,mar del plata,-38.0023,-57.5575,20.61,64,0,8.23,AR,2022-12-30
42,kamenka,51.3223,42.7678,-1.36,98,99,4.97,RU,2022-12-30
43,kaitangata,-46.2817,169.8464,14.52,54,9,3.8,NZ,2022-12-30
44,dubrovka,53.6907,33.5071,0.6,95,100,3.94,RU,2022-12-30
45,longyearbyen,78.2186,15.6401,-5.09,68,40,6.69,SJ,2022-12-30
46,jamestown,42.097,-79.2353,10.8,76,100,3.09,US,2022-12-30
47,cayenne,4.9333,-52.3333,24.02,94,40,0.0,GF,2022-12-30
48,brainerd,46.358,-94.2008,-5.03,86,100,3.6,US,2022-12-30
49,tazovskiy,67.4667,78.7,-34.11,100,8,1.82,RU,2022-12-30
50,tieling,42.2931,123.8414,-6.44,58,1,3.98,CN,2022-12-30
51,galveston,29.3669,-94.9669,19.98,93,100,1.54,US,2022-12-30
52,indramayu,-6.3264,108.32,28.06,72,100,8.38,ID,2022-12-30
53,marystown,47.1666,-55.1483,-3.61,69,70,5.2,CA,2022-12-30
54,rocha,-34.4833,-54.3333,11.91,79,3,2.94,UY,2022-12-30
55,east london,-33.0153,27.9116,15.52,82,40,3.09,ZA,2022-12-30
56,rikitea,-23.1203,-134.9692,25.7,69,100,2.19,PF,2022-12-30
57,norman wells,65.282,-126.8329,-27.98,76,20,1.54,CA,2022-12-30
58,ukiah,39.1502,-123.2078,10.64,97,100,0.0,US,2022-12-30
59,geraldton,-28.7667,114.6,26.23,65,0,7.2,AU,2022-12-30
60,pontarlier,46.8333,6.25,3.86,96,90,1.7,FR,2022-12-30
61,havoysund,70.9963,24.6622,-0.87,63,100,14.43,NO,2022-12-30
62,zeya,53.75,127.2667,-18.12,93,100,1.23,RU,2022-12-30
63,gainesville,29.6516,-82.3248,15.97,71,100,2.06,US,2022-12-30
64,poum,-20.2333,164.0167,27.44,78,97,5.68,NC,2022-12-30
65,albany,42.6001,-73.9662,6.23,67,100,0.98,US,2022-12-30
66,kapaa,22.0752,-159.319,23.99,88,100,5.14,US,2022-12-30
67,tasiilaq,65.6145,-37.6368,-13.91,72,11,2.74,GL,2022-12-30
68,saint george,37.1041,-113.5841,4.13,85,100,1.54,US,2022-12-30
69,aden,12.7794,45.0367,25.31,75,8,9.71,YE,2022-12-30
70,bemidji,47.4736,-94.8803,-8.13,100,100,3.6,US,2022-12-30
71,broome,42.2506,-75.833,7.23,77,100,0.89,US,2022-12-30
72,chokurdakh,70.6333,147.9167,-41.22,100,87,2.95,RU,2022-12-30
73,vardo,70.3705,31.1107,-3.01,86,75,7.72,NO,2022-12-30
74,whitehorse,60.7161,-135.0538,-16.77,82,0,0.0,CA,2022-12-30
75,ilulissat,69.2167,-51.1,-9.99,73,100,6.69,GL,2022-12-30
76,buala,-8.145,159.5921,28.5,73,100,3.37,SB,2022-12-30
77,mujiayingzi,42.1167,118.7833,-5.57,27,0,2.89,CN,2022-12-30
78,dunedin,-45.8742,170.5036,15.45,95,39,3.19,NZ,2022-12-30
79,codrington,-38.2667,141.9667,20.4,67,39,5.2,AU,2022-12-30
80,bethel,41.3712,-73.414,5.23,72,0,1.34,US,2022-12-30
81,kiama,-34.6833,150.8667,22.99,91,82,0.45,AU,2022-12-30
82,lincoln,40.8,-96.667,1.76,86,100,4.12,US,2022-12-30
83,panjakent,39.4952,67.6093,1.78,62,55,1.25,TJ,2022-12-30
84,goure,13.9835,10.2704,11.9,23,0,4.65,NE,2022-12-30
85,luangwa,-15.6167,30.4167,22.42,93,100,0.17,ZM,2022-12-30
86,isla vista,34.4133,-119.861,14.35,87,100,1.54,US,2022-12-30
87,alice springs,-23.7,133.8833,32.75,40,40,6.17,AU,2022-12-30
88,airai,-8.9266,125.4092,19.11,83,100,3.02,TL,2022-12-30
89,phulpur,25.55,82.1,16.56,33,3,0.21,IN,2022-12-30
90,pisco,-13.7,-76.2167,21.03,83,40,2.57,PE,2022-12-30
91,songjianghe,42.1859,127.479,-8.87,64,3,2.19,CN,2022-12-30
92,isangel,-19.55,169.2667,30.06,74,100,5.14,VU,2022-12-30
93,haimen,23.1935,116.6142,16.94,58,2,4.76,CN,2022-12-30
94,victoria,22.2855,114.1577,18.44,65,6,4.92,HK,2022-12-30
95,torbay,47.6666,-52.7314,-5.14,78,75,9.77,CA,2022-12-30
96,port lincoln,-34.7333,135.8667,19.46,55,1,6.41,AU,2022-12-30
97,vuktyl,63.8567,57.3094,-26.37,100,71,0.7,RU,2022-12-30
98,springbok,-29.6643,17.8865,16.02,40,11,6.13,ZA,2022-12-30
99,cockburn town,21.4612,-71.1419,25.89,75,1,10.6,TC,2022-12-30
100,busselton,-33.65,115.3333,29.3,38,0,4.0,AU,2022-12-30
101,waddan,29.1614,16.139,10.97,55,20,1.46,LY,2022-12-30
102,texarkana,33.4251,-94.0477,17.12,90,100,2.06,US,2022-12-30
103,biak,-0.9131,122.8766,28.48,67,100,0.91,ID,2022-12-30
104,mutoko,-17.397,32.2268,17.51,91,100,0.8,ZW,2022-12-30
105,mehamn,71.0357,27.8492,-4.03,68,0,14.92,NO,2022-12-30
106,bisira,8.5196,-81.7115,14.22,93,39,2.68,PA,2022-12-30
107,coquimbo,-29.9533,-71.3436,16.85,82,100,1.54,CL,2022-12-30
108,chara,56.9064,118.2631,-16.3,82,62,0.93,RU,2022-12-30
109,mersing,2.4312,103.8405,28.95,70,40,6.17,MY,2022-12-30
110,caraquet,47.7941,-64.9386,-3.7,96,100,3.24,CA,2022-12-30
111,sohag,26.557,31.6948,6.16,61,0,3.37,EG,2022-12-30
112,yenagoa,4.9247,6.2642,22.62,94,100,1.86,NG,2022-12-30
113,sile,41.1754,29.6133,8.37,80,1,2.47,TR,2022-12-30
114,tuatapere,-46.1333,167.6833,15.9,49,34,3.58,NZ,2022-12-30
115,yuli,9.6989,10.2744,15.36,31,7,3.18,NG,2022-12-30
116,nagua,19.3832,-69.8474,22.79,89,9,3.55,DO,2022-12-30
117,palmer,42.1584,-72.3287,6.23,79,20,0.0,US,2022-12-30
118,praia da vitoria,38.7333,-27.0667,17.14,88,100,15.43,PT,2022-12-30
119,los llanos de aridane,28.6585,-17.9182,16.86,57,0,4.63,ES,2022-12-30
120,castro,-24.7911,-50.0119,15.11,97,1,2.68,BR,2022-12-30
121,arraial do cabo,-22.9661,-42.0278,22.3,93,100,1.19,BR,2022-12-30
122,hervey bay,-25.2986,152.8535,26.68,78,55,6.26,AU,2022-12-30
123,pittsburg,38.028,-121.8847,12.37,95,100,1.54,US,2022-12-30
124,palu,-0.8917,119.8707,31.39,59,96,1.69,ID,2022-12-30
125,yumen,40.2833,97.2,-6.37,45,96,5.99,CN,2022-12-30
126,narsaq,60.9167,-46.05,-14.88,64,3,3.22,GL,2022-12-30
127,mananjary,-21.2167,48.3333,24.91,76,0,0.5,MG,2022-12-30
128,yiyang,28.5892,112.3283,9.58,28,0,0.86,CN,2022-12-30
129,impfondo,1.6381,18.0667,20.56,53,100,1.06,CG,2022-12-30
130,hermanus,-34.4187,19.2345,13.78,59,91,7.79,ZA,2022-12-30
131,fontem,5.4685,9.8818,17.83,47,97,1.51,CM,2022-12-30
132,lebu,-37.6167,-73.65,14.07,91,0,9.28,CL,2022-12-30
133,butaritari,3.0707,172.7902,27.38,75,76,6.02,KI,2022-12-30
134,bredasdorp,-34.5322,20.0403,15.21,56,99,4.82,ZA,2022-12-30
135,nuuk,64.1835,-51.7216,-12.6,88,65,3.19,GL,2022-12-30
136,maryborough,-25.5333,152.7,26.73,81,82,5.07,AU,2022-12-30
137,somers point,39.3176,-74.5946,4.99,78,0,0.0,US,2022-12-30
138,talnakh,69.4865,88.3972,-29.16,95,38,2.74,RU,2022-12-30
139,sarretudvari,47.2333,21.2,2.12,94,69,3.05,HU,2022-12-30
140,thompson,55.7435,-97.8558,-14.91,85,100,3.09,CA,2022-12-30
141,doka,13.5167,35.7667,20.05,56,82,2.97,SD,2022-12-30
142,san carlos de bariloche,-41.1456,-71.3082,13.47,61,99,3.5,AR,2022-12-30
143,georgetown,5.4112,100.3354,30.96,65,20,4.63,MY,2022-12-30
144,yellowknife,62.456,-114.3525,-14.69,85,100,4.12,CA,2022-12-30
145,bara,10.3744,10.7288,13.16,34,3,3.18,NG,2022-12-30
146,vila,42.0304,-8.1588,9.49,96,100,4.9,PT,2022-12-30
147,yurimaguas,-5.9,-76.0833,25.18,73,79,0.35,PE,2022-12-30
148,souillac,-20.5167,57.5167,26.21,73,40,1.03,MU,2022-12-30
149,port hedland,-20.3167,118.5667,39.03,37,40,8.23,AU,2022-12-30
150,pevek,69.7008,170.3133,-34.23,100,100,1.81,RU,2022-12-30
151,halifax,44.6453,-63.5724,4.01,84,71,5.66,CA,2022-12-30
152,xining,36.6167,101.7667,-4.8,25,5,0.63,CN,2022-12-30
153,nhlangano,-27.1167,31.2,14.78,91,100,1.81,SZ,2022-12-30
154,nkhotakota,-12.9274,34.2961,22.4,84,99,0.88,MW,2022-12-30
155,carnarvon,-24.8667,113.6333,31.55,38,0,6.88,AU,2022-12-30
156,salalah,17.0151,54.0924,22.05,40,0,5.14,OM,2022-12-30
157,selaphum,16.0299,103.9383,23.95,57,87,7.5,TH,2022-12-30
158,bafq,31.6128,55.4107,5.28,49,0,0.87,IR,2022-12-30
159,hithadhoo,-0.6,73.0833,26.59,75,54,2.11,MV,2022-12-30
160,shakiso,5.75,38.9167,11.22,77,50,1.5,ET,2022-12-30
161,aksu,41.1231,80.2644,-4.33,47,100,0.11,CN,2022-12-30
162,hofn,64.2539,-15.2082,-8.06,69,16,8.88,IS,2022-12-30
163,lasa,46.6166,10.7002,3.49,95,100,1.28,IT,2022-12-30
164,guerrero negro,27.9769,-114.0611,15.21,85,27,4.09,MX,2022-12-30
165,rio grande,-32.035,-52.0986,17.73,66,0,3.0,BR,2022-12-30
166,adrar,20.5022,-10.0711,20.67,20,100,7.12,MR,2022-12-30
167,kloulklubed,7.0419,134.2556,29.28,76,99,5.41,PW,2022-12-30
168,nouadhibou,20.931,-17.0347,19.52,84,73,1.96,MR,2022-12-30
169,diebougou,10.9667,-3.25,21.4,22,91,3.45,BF,2022-12-30
170,ribeira grande,38.5167,-28.7,17.1,94,100,11.18,PT,2022-12-30
171,coffs harbour,-30.3,153.1333,22.98,73,100,4.63,AU,2022-12-30
172,pilar,-9.5972,-35.9567,23.96,92,72,0.74,BR,2022-12-30
173,kununurra,-15.7667,128.7333,26.99,83,40,3.09,AU,2022-12-30
174,san rafael,-34.6177,-68.3301,25.03,24,13,3.7,AR,2022-12-30
175,mount isa,-20.7333,139.5,33.87,38,100,5.66,AU,2022-12-30
176,varadero,23.1536,-81.2514,22.42,83,63,6.62,CU,2022-12-30
177,luderitz,-26.6481,15.1594,18.75,58,0,6.71,NA,2022-12-30
178,korla,41.7597,86.1469,-5.99,53,1,0.85,CN,2022-12-30
179,gasa,31.5,34.4667,9.93,60,0,2.39,PS,2022-12-30
180,aitape,-3.1374,142.3475,27.14,80,100,3.24,PG,2022-12-30
181,cabo san lucas,22.8909,-109.9124,20.84,75,48,1.79,MX,2022-12-30
182,tuktoyaktuk,69.4541,-133.0374,-19.0,78,100,3.09,CA,2022-12-30
183,pawayan,28.0667,80.1,14.98,49,45,2.99,IN,2022-12-30
184,provideniya,64.3833,-173.3,-15.94,72,40,4.0,RU,2022-12-30
185,serabu,7.7958,-12.0536,22.51,94,12,1.13,SL,2022-12-30
186,tiksi,71.6872,128.8694,-22.86,94,100,4.28,RU,2022-12-30
187,makakilo city,21.3469,-158.0858,24.18,70,100,2.06,US,2022-12-30
188,villazon,-22.0866,-65.5942,9.96,69,98,5.09,BO,2022-12-30
189,vao,-22.6667,167.4833,25.5,87,97,10.61,NC,2022-12-30
190,am timan,11.0297,20.2827,17.67,28,45,2.66,TD,2022-12-30
191,markova,48.6758,24.4138,2.79,89,35,3.28,UA,2022-12-30
192,lyubar,49.9204,27.7592,1.91,81,99,3.55,UA,2022-12-30
193,lons-le-saunier,46.75,5.75,6.8,92,99,1.68,FR,2022-12-30
194,lewistown,40.5992,-77.5714,6.21,93,100,0.0,US,2022-12-30
195,alta floresta,-9.8756,-56.0861,21.51,99,100,0.99,BR,2022-12-30
196,nabire,-3.3667,135.4833,29.27,65,30,2.53,ID,2022-12-30
197,malindi,-3.2175,40.1191,25.03,82,92,2.46,KE,2022-12-30
198,bambous virieux,-20.3428,57.7575,27.9,73,40,1.03,MU,2022-12-30
199,nosy varika,-20.5833,48.5333,24.82,73,30,0.68,MG,2022-12-30
200,olinda,-8.0089,-34.8553,26.85,74,40,3.09,BR,2022-12-30
201,paamiut,61.994,-49.6678,-11.51,78,5,5.53,GL,2022-12-30
202,beringovskiy,63.05,179.3167,-24.51,87,100,6.62,RU,2022-12-30
203,wangkui,46.8333,126.5,-13.36,78,15,4.12,CN,2022-12-30
204,livingstone,-17.8419,25.8543,20.19,66,67,2.12,ZM,2022-12-30
205,san patricio,28.017,-97.5169,21.02,91,100,2.42,US,2022-12-30
206,gigmoto,13.7796,124.39,28.98,74,89,1.92,PH,2022-12-30
207,kavieng,-2.5744,150.7967,26.79,81,100,5.75,PG,2022-12-30
208,leningradskiy,69.3833,178.4167,-27.54,91,100,5.26,RU,2022-12-30
209,usinsk,65.9939,57.5281,-27.48,100,79,1.96,RU,2022-12-30
210,fukue,32.6881,128.8419,8.2,49,75,5.66,JP,2022-12-30
211,portales,34.1862,-103.3344,3.39,37,100,3.15,US,2022-12-30
212,cidreira,-30.1811,-50.2056,19.02,69,0,3.67,BR,2022-12-30
213,sinnamary,5.3833,-52.95,24.42,88,90,3.3,GF,2022-12-30
214,constitucion,-35.3333,-72.4167,14.03,82,0,2.79,CL,2022-12-30
215,mossendjo,-2.9506,12.7261,20.45,99,72,0.48,CG,2022-12-30
216,ancud,-41.8697,-73.8203,10.51,91,45,1.22,CL,2022-12-30
217,paita,-5.0892,-81.1144,20.7,83,13,3.52,PE,2022-12-30
218,upernavik,72.7868,-56.1549,-22.75,89,100,2.35,GL,2022-12-30
219,shimoda,34.6667,138.95,10.2,72,68,2.64,JP,2022-12-30
220,esperance,-33.8667,121.9,26.73,46,0,6.14,AU,2022-12-30
221,hasaki,35.7333,140.8333,11.79,38,100,0.96,JP,2022-12-30
222,copalillo,18.0333,-99.1167,18.28,50,97,1.07,MX,2022-12-30
223,tuxtla gutierrez,16.75,-93.1167,20.45,84,36,0.83,MX,2022-12-30
224,kismayo,-0.3582,42.5454,25.79,77,1,7.31,SO,2022-12-30
225,nossa senhora das dores,-10.4917,-37.1933,20.97,94,8,1.81,BR,2022-12-30
226,ucluelet,48.9329,-125.5528,7.83,93,100,0.45,CA,2022-12-30
227,olafsvik,64.8945,-23.7142,-5.03,50,83,5.29,IS,2022-12-30
228,dingle,10.9995,122.6711,28.91,76,100,4.09,PH,2022-12-30
229,nikolskoye,59.7035,30.7861,-2.06,96,100,4.07,RU,2022-12-30
230,mozarlandia,-14.7447,-50.5706,21.63,97,95,1.96,BR,2022-12-30
231,bandarbeyla,9.4942,50.8122,25.26,74,7,8.49,SO,2022-12-30
232,berlevag,70.8578,29.0864,-4.0,79,100,13.38,NO,2022-12-30
233,san cristobal,7.7669,-72.225,21.1,95,20,0.5,VE,2022-12-30
234,kidal,18.4411,1.4078,18.1,17,100,5.79,ML,2022-12-30
235,cabadiangan,9.7531,122.4739,30.07,67,94,2.04,PH,2022-12-30
236,kalmunai,7.4167,81.8167,26.93,63,97,4.63,LK,2022-12-30
237,severo-kurilsk,50.6789,156.125,-3.95,80,100,9.33,RU,2022-12-30
238,namibe,-15.1961,12.1522,22.46,81,100,3.28,AO,2022-12-30
239,deputatskiy,69.3,139.9,-38.78,98,71,2.23,RU,2022-12-30
240,dunajska streda,47.9927,17.6121,5.01,94,100,2.29,SK,2022-12-30
241,jacareacanga,-6.2222,-57.7528,22.39,99,100,0.86,BR,2022-12-30
242,koungou,-12.7336,45.2042,25.84,89,40,4.12,YT,2022-12-30
243,vieux-habitants,16.0589,-61.7659,21.76,71,22,5.1,GP,2022-12-30
244,datong,40.0936,113.2914,-7.28,28,0,1.79,CN,2022-12-30
245,ankang,32.68,109.0172,7.87,50,71,0.15,CN,2022-12-30
246,komsomolskiy,40.4272,71.7189,2.4,75,75,0.0,UZ,2022-12-30
247,vila franca do campo,37.7167,-25.4333,17.23,87,100,10.67,PT,2022-12-30
248,kruisfontein,-34.0033,24.7314,13.82,60,92,1.33,ZA,2022-12-30
249,ambilobe,-13.2,49.05,24.45,82,67,1.45,MG,2022-12-30
250,bamako,12.65,-8.0,19.16,26,77,2.87,ML,2022-12-30
251,ler,8.3018,30.1418,21.19,38,11,2.17,SS,2022-12-30
252,nanortalik,60.1432,-45.2371,-8.24,79,6,3.45,GL,2022-12-30
253,oum hadjer,13.2954,19.6966,15.52,26,0,4.32,TD,2022-12-30
254,missoula,47.0166,-113.8009,-6.78,91,99,0.23,US,2022-12-30
255,ilhabela,-23.7781,-45.3581,21.88,93,86,1.79,BR,2022-12-30
256,kutum,14.2,24.6667,8.93,36,2,3.2,SD,2022-12-30
257,saldanha,-33.0117,17.9442,14.81,65,36,5.22,ZA,2022-12-30
258,hobart,-42.8794,147.3294,22.93,58,75,7.2,AU,2022-12-30
259,mbaiki,3.8678,17.9892,18.95,42,74,1.5,CF,2022-12-30
260,cam ranh,11.9214,109.1591,27.98,61,75,9.26,VN,2022-12-30
261,den helder,52.9599,4.7593,7.21,91,40,11.18,NL,2022-12-30
262,bogorodskoye,56.55,37.8833,-5.28,94,100,3.5,RU,2022-12-30
263,minas,-34.3759,-55.2377,13.27,56,12,3.7,UY,2022-12-30
264,yar-sale,66.8333,70.8333,-31.45,100,92,1.61,RU,2022-12-30
265,omsukchan,62.5333,155.8,-35.1,99,99,1.88,RU,2022-12-30
266,sitka,57.0531,-135.33,6.94,53,100,7.2,US,2022-12-30
267,ialibu,-6.2821,143.9935,18.19,67,100,2.44,PG,2022-12-30
268,gizo,-8.103,156.8419,29.68,60,100,4.77,SB,2022-12-30
269,hami,42.8,93.45,-6.33,43,50,0.61,CN,2022-12-30
270,olhao,37.0286,-7.8411,16.72,100,0,3.09,PT,2022-12-30
271,husavik,66.0449,-17.3389,-6.3,63,100,7.24,IS,2022-12-30
272,north bend,43.4065,-124.2243,12.82,100,100,5.14,US,2022-12-30
273,sembe,1.6481,14.5806,19.37,52,91,0.23,CG,2022-12-30
274,birjand,32.8663,59.2211,-5.74,79,0,3.09,IR,2022-12-30
275,shaowu,27.3409,117.4831,8.12,83,100,1.14,CN,2022-12-30
276,vostok,46.4856,135.8833,-15.12,81,76,2.08,RU,2022-12-30
277,juneau,58.3019,-134.4197,1.23,97,100,2.57,US,2022-12-30
278,puerto el triunfo,13.2833,-88.55,24.12,76,0,1.38,SV,2022-12-30
279,filingue,14.3521,3.3168,16.95,29,33,4.4,NE,2022-12-30
280,corinto,37.9407,22.9573,11.32,86,33,1.42,GR,2022-12-30
281,itapicuru,-11.3167,-38.2333,21.16,92,5,2.25,BR,2022-12-30
282,nenjiang,49.1833,125.2167,-14.47,85,89,3.94,CN,2022-12-30
283,fairbanks,64.8378,-147.7164,-19.81,79,75,0.0,US,2022-12-30
284,flint,43.0125,-83.6875,11.43,84,100,4.63,US,2022-12-30
285,bongaigaon,26.4782,90.5568,18.68,48,19,2.89,IN,2022-12-30
286,morondava,-20.2833,44.2833,25.4,85,93,2.42,MG,2022-12-30
287,beloha,-25.1667,45.05,26.3,66,0,0.02,MG,2022-12-30
288,avarua,-21.2078,-159.775,28.03,83,75,2.57,CK,2022-12-30
289,abu dhabi,24.4667,54.3667,21.01,57,0,2.57,AE,2022-12-30
290,adelaide,-34.9333,138.6,28.98,41,0,8.23,AU,2022-12-30
291,selcuk,37.9514,27.3685,12.23,83,1,1.37,TR,2022-12-30
292,seymchan,62.8833,152.4333,-38.12,100,99,0.33,RU,2022-12-30
293,yulara,-25.2406,130.9889,34.71,29,61,6.54,AU,2022-12-30
294,lara,-38.0167,144.4,30.57,45,5,4.63,AU,2022-12-30
295,west wendover,40.7391,-114.0733,-0.44,64,100,2.06,US,2022-12-30
296,krasnoselkup,65.7,82.4667,-27.13,100,86,3.15,RU,2022-12-30
297,santa vitoria do palmar,-33.5189,-53.3681,14.79,77,0,2.09,BR,2022-12-30
298,peniche,39.3558,-9.3811,17.28,89,100,9.43,PT,2022-12-30
299,brae,60.3964,-1.353,4.32,62,44,7.37,GB,2022-12-30
300,bathsheba,13.2167,-59.5167,24.34,94,75,10.29,BB,2022-12-30
301,naantali,60.4674,22.0243,4.5,100,100,3.09,FI,2022-12-30
302,banda aceh,5.5577,95.3222,27.23,71,100,6.34,ID,2022-12-30
303,dharchula,29.85,80.5333,15.13,42,26,1.35,IN,2022-12-30
304,santa cruz de tenerife,28.4682,-16.2546,22.4,80,20,2.57,ES,2022-12-30
305,zhuanghe,39.7008,122.9911,-3.11,54,0,0.65,CN,2022-12-30
306,ahipara,-35.1667,173.1667,22.52,64,1,4.63,NZ,2022-12-30
307,portland,45.5234,-122.6762,10.16,94,100,7.2,US,2022-12-30
308,port blair,11.6667,92.75,28.02,69,40,4.63,IN,2022-12-30
309,evensk,61.95,159.2333,-23.01,76,88,4.59,RU,2022-12-30
310,itaituba,-4.2761,-55.9836,22.33,99,99,0.39,BR,2022-12-30
311,maiduguri,11.8464,13.1603,14.16,48,3,3.2,NG,2022-12-30
312,talcahuano,-36.7167,-73.1167,15.82,67,0,4.63,CL,2022-12-30
313,tautira,-17.7333,-149.15,27.24,75,19,6.33,PF,2022-12-30
314,havre-saint-pierre,50.2334,-63.5986,-6.0,77,100,2.42,CA,2022-12-30
315,sandusky,41.3501,-83.1332,11.92,79,100,3.13,US,2022-12-30
316,acapulco,16.8634,-99.8901,25.9,78,100,0.0,MX,2022-12-30
317,juegang,32.3174,121.1855,8.88,42,98,2.59,CN,2022-12-30
318,ostersund,63.1792,14.6357,1.25,100,20,3.09,SE,2022-12-30
319,sao filipe,14.8961,-24.4956,21.85,65,27,3.31,CV,2022-12-30
320,gornyak,50.9942,81.4661,-7.56,96,100,1.78,RU,2022-12-30
321,constantine,36.365,6.6147,1.67,86,0,1.54,DZ,2022-12-30
322,prince rupert,54.3161,-130.3201,5.83,82,100,9.77,CA,2022-12-30
323,kuantan,3.8077,103.326,29.06,65,20,2.57,MY,2022-12-30
324,fort nelson,58.8053,-122.7002,-22.23,77,100,1.03,CA,2022-12-30
325,panormos,35.4182,24.6909,12.03,73,6,0.61,GR,2022-12-30
326,ketchikan,55.3422,-131.6461,1.39,98,100,2.5,US,2022-12-30
327,ituporanga,-27.4144,-49.6025,16.13,96,13,0.63,BR,2022-12-30
328,shima,24.4478,117.8111,19.01,55,1,1.45,CN,2022-12-30
329,yarkovo,57.4028,67.0786,-28.06,100,95,0.9,RU,2022-12-30
330,kendari,-3.945,122.4989,30.51,64,99,1.64,ID,2022-12-30
331,te anau,-45.4167,167.7167,20.05,35,13,1.45,NZ,2022-12-30
332,katsuura,35.1333,140.3,9.68,43,93,2.12,JP,2022-12-30
333,mahebourg,-20.4081,57.7,27.92,73,40,1.03,MU,2022-12-30
334,pasighat,28.0667,95.3333,19.97,38,0,0.79,IN,2022-12-30
335,xai-xai,-25.0519,33.6442,23.71,79,98,2.78,MZ,2022-12-30
336,camacha,33.0833,-16.3333,16.68,82,20,4.12,PT,2022-12-30
337,eyl,7.9803,49.8164,23.98,71,10,7.71,SO,2022-12-30
338,siparia,10.1333,-61.5,23.79,91,4,3.48,TT,2022-12-30
339,birao,10.2849,22.7882,17.14,27,0,3.83,CF,2022-12-30
340,bowen,-20.0167,148.2333,27.64,60,83,5.78,AU,2022-12-30
341,sayat,38.7839,63.8803,-2.07,64,17,3.57,TM,2022-12-30
342,ocampo,21.65,-101.5,7.77,45,1,3.12,MX,2022-12-30
343,bobo dioulasso,11.1771,-4.2979,21.25,26,80,3.6,BF,2022-12-30
344,saskylakh,71.9167,114.0833,-18.42,88,100,10.22,RU,2022-12-30
345,sterling,39.0062,-77.4286,7.38,75,0,1.54,US,2022-12-30
346,borogontsy,62.6683,131.1683,-26.37,97,100,1.65,RU,2022-12-30
347,arlit,18.7369,7.3853,14.06,21,45,1.86,NE,2022-12-30
348,gulbene,57.1777,26.7529,1.84,99,100,3.31,LV,2022-12-30
349,colina,-20.7133,-48.5408,19.44,93,100,2.59,BR,2022-12-30
350,vryburg,-26.9566,24.7284,19.06,71,100,3.47,ZA,2022-12-30
351,ladnun,27.65,74.3833,16.48,27,0,4.63,IN,2022-12-30
352,cherskiy,68.75,161.3,-42.78,100,87,1.88,RU,2022-12-30
353,izhma,65.0083,53.9113,-25.74,100,98,1.62,RU,2022-12-30
354,tual,-5.6667,132.75,28.73,74,89,9.97,ID,2022-12-30
355,sorong,-0.8833,131.25,27.57,77,100,5.28,ID,2022-12-30
356,osakarovka,50.565,72.5692,-11.83,97,96,3.48,KZ,2022-12-30
357,haines junction,60.7522,-137.5108,-24.03,84,100,0.51,CA,2022-12-30
358,taber,49.8167,-112.1518,-0.53,83,82,5.14,CA,2022-12-30
359,lagoa,39.05,-27.9833,16.61,88,100,18.1,PT,2022-12-30
360,tiarei,-17.5333,-149.3333,27.01,75,13,6.72,PF,2022-12-30
361,sainte-marie,-20.8968,55.5496,28.07,71,39,3.09,RE,2022-12-30
362,san jeronimo,-11.9472,-75.2829,11.29,80,100,0.74,PE,2022-12-30
363,bonfim,3.0833,-59.95,25.13,73,99,1.96,BR,2022-12-30
364,mandalgovi,45.7625,106.2708,-11.46,58,3,4.05,MN,2022-12-30
365,itarema,-2.9248,-39.9167,25.8,82,1,4.44,BR,2022-12-30
366,scarborough,54.2797,-0.4044,6.06,88,100,5.36,GB,2022-12-30
367,nalut,30.3333,10.85,9.51,45,40,2.94,LY,2022-12-30
368,wajir,1.7471,40.0573,23.98,73,0,3.09,KE,2022-12-30
369,nioro,13.35,-15.75,22.27,60,100,2.46,GM,2022-12-30
370,tabou,4.423,-7.3528,25.24,86,63,1.78,CI,2022-12-30
371,torez,48.0388,38.5969,-0.36,89,92,3.06,UA,2022-12-30
372,sao raimundo das mangabeiras,-7.0219,-45.4811,23.86,86,97,1.21,BR,2022-12-30
373,oneonta,42.4529,-75.0638,6.56,83,100,2.33,US,2022-12-30
374,along,28.1667,94.7667,17.9,39,4,0.22,IN,2022-12-30
375,lao cai,22.4833,103.95,12.83,91,100,0.87,VN,2022-12-30
376,russell,32.3502,-85.1999,13.31,100,0,0.0,US,2022-12-30
377,nyurba,63.2842,118.3319,-36.23,100,86,1.42,RU,2022-12-30
378,mackay,-21.15,149.2,32.05,67,88,7.94,AU,2022-12-30
379,majene,-3.5403,118.9707,28.77,68,100,2.35,ID,2022-12-30
380,el viejo,12.6633,-87.1672,24.11,71,22,2.09,NI,2022-12-30
381,hit,33.6416,42.8251,10.25,70,0,1.47,IQ,2022-12-30
382,ariquemes,-9.9133,-63.0408,22.04,99,100,2.35,BR,2022-12-30
383,college,64.8569,-147.8028,-19.82,79,40,0.0,US,2022-12-30
384,tukrah,32.5341,20.5791,14.61,76,90,2.31,LY,2022-12-30
385,svetlaya,46.5389,138.3297,-7.56,50,0,2.44,RU,2022-12-30
386,zhireken,52.8249,117.3076,-16.78,85,74,1.79,RU,2022-12-30
387,namatanai,-3.6667,152.4333,29.07,68,96,4.99,PG,2022-12-30
388,wuhu,31.3366,118.3755,7.76,34,7,2.37,CN,2022-12-30
389,ust-tsilma,65.441,52.1498,-24.89,99,100,1.87,RU,2022-12-30
390,arica,-18.475,-70.3042,20.13,73,0,1.54,CL,2022-12-30
391,honningsvag,70.9821,25.9704,-1.14,55,40,8.75,NO,2022-12-30
392,kodiak,57.79,-152.4072,3.73,93,100,6.69,US,2022-12-30
393,doha,25.2867,51.5333,16.99,70,89,3.6,QA,2022-12-30
394,phuket,8.0,98.25,29.12,54,20,2.57,TH,2022-12-30
395,odessa,46.4775,30.7326,4.75,83,39,4.64,UA,2022-12-30
396,vung tau,10.346,107.0843,25.06,78,97,1.13,VN,2022-12-30
397,ngara,-2.5122,30.6558,13.49,94,100,0.5,TZ,2022-12-30
398,rio gallegos,-51.6226,-69.2181,9.03,49,0,9.77,AR,2022-12-30
399,ponnani,10.767,75.9252,26.62,64,87,3.69,IN,2022-12-30
400,saint-pierre,-21.3393,55.4781,27.73,65,0,2.57,RE,2022-12-30
401,eskisehir,39.7767,30.5206,-2.05,100,100,1.54,TR,2022-12-30
402,anaconda,46.1285,-112.9423,-6.45,85,100,2.67,US,2022-12-30
403,zarand,30.8127,56.564,4.14,34,0,1.71,IR,2022-12-30
404,rorvik,64.8621,11.2373,3.06,93,100,4.12,NO,2022-12-30
405,carbondale,37.7273,-89.2168,16.0,89,75,8.23,US,2022-12-30
406,lavrentiya,65.5833,-171.0,-22.9,86,83,4.42,RU,2022-12-30
407,tayga,56.06,85.6197,-23.49,100,88,1.2,RU,2022-12-30
408,sala,34.0389,-6.8166,14.8,100,0,1.54,MA,2022-12-30
409,bundaberg,-24.85,152.35,27.21,70,63,7.75,AU,2022-12-30
410,ridgecrest,35.6225,-117.6709,8.9,67,0,3.09,US,2022-12-30
411,bloemfontein,-29.1211,26.214,12.71,82,73,1.54,ZA,2022-12-30
412,khairagarh,26.95,77.8167,17.52,40,60,2.95,IN,2022-12-30
413,kishtwar,33.3167,75.7667,4.6,98,100,1.31,IN,2022-12-30
414,saint anthony,45.0205,-93.218,-2.08,88,100,6.17,US,2022-12-30
415,camana,-16.6228,-72.7111,21.24,85,100,1.82,PE,2022-12-30
416,tocopilla,-22.092,-70.1979,19.45,73,16,1.02,CL,2022-12-30
417,tucuman,-26.8241,-65.2226,20.0,83,0,2.57,AR,2022-12-30
418,port hardy,50.6996,-127.4199,6.1,87,100,11.32,CA,2022-12-30
419,dhidhdhoo,6.8833,73.1,27.45,77,95,6.9,MV,2022-12-30
420,atambua,-9.1061,124.8925,24.76,87,100,3.58,ID,2022-12-30
421,kochevo,59.5994,54.3125,-11.9,95,100,2.74,RU,2022-12-30
422,kilindoni,-7.9139,39.6668,27.24,73,40,4.39,TZ,2022-12-30
423,kolokani,13.5728,-8.0339,22.0,19,100,6.16,ML,2022-12-30
424,hovd,48.0056,91.6419,-16.01,85,95,1.07,MN,2022-12-30
425,dongsheng,39.8161,109.9776,-8.05,31,0,4.05,CN,2022-12-30
426,honiara,-9.4333,159.95,29.74,70,98,3.0,SB,2022-12-30
427,morgan city,29.6994,-91.2068,18.33,94,20,4.12,US,2022-12-30
428,beroroha,-21.6667,45.1667,26.27,72,11,1.42,MG,2022-12-30
429,bubaque,11.2833,-15.8333,23.92,72,100,10.61,GW,2022-12-30
430,maceio,-9.6658,-35.7353,24.69,94,75,0.51,BR,2022-12-30
431,ballina,-28.8667,153.5667,21.68,99,85,5.56,AU,2022-12-30
432,puerto escondido,15.85,-97.0667,24.46,73,20,2.57,MX,2022-12-30
433,ravar,31.2656,56.8055,4.53,61,0,1.05,IR,2022-12-30
434,tura,25.5198,90.2201,19.5,41,1,0.9,IN,2022-12-30
435,vasterhaninge,59.1167,18.1,5.02,93,100,6.5,SE,2022-12-30
436,moree,-29.4667,149.85,31.99,28,96,1.19,AU,2022-12-30
437,asau,46.4333,26.4,-1.49,85,65,2.91,RO,2022-12-30
438,machali,-34.1833,-70.6667,18.05,49,0,0.71,CL,2022-12-30
439,cayhagan,9.6697,122.4256,28.73,71,86,1.04,PH,2022-12-30
440,klaksvik,62.2266,-6.589,-0.49,69,93,10.49,FO,2022-12-30
441,egvekinot,66.3167,-179.1667,-26.64,86,65,4.85,RU,2022-12-30
442,yulin,22.6333,110.15,14.13,48,88,4.09,CN,2022-12-30
443,pacific grove,36.6177,-121.9166,12.58,93,100,1.34,US,2022-12-30
444,sobolevo,54.4299,31.8996,0.75,99,100,4.68,RU,2022-12-30
445,grindavik,63.8424,-22.4338,-7.74,62,40,6.17,IS,2022-12-30
446,tongling,30.95,117.7833,7.91,40,3,2.25,CN,2022-12-30
447,bonnyville,54.2668,-110.735,-10.38,100,32,1.35,CA,2022-12-30
448,sosnovo-ozerskoye,52.5249,111.5418,-17.07,92,74,4.84,RU,2022-12-30
449,panalingaan,8.7842,117.4231,28.29,68,85,2.51,PH,2022-12-30
450,plettenberg bay,-34.0527,23.3716,14.65,62,31,1.92,ZA,2022-12-30
451,los palacios,22.5872,-83.2486,21.1,95,90,2.29,CU,2022-12-30
452,ovca,44.8835,20.5334,10.59,81,0,3.09,RS,2022-12-30
453,kinablangan,7.6947,126.5503,28.59,71,93,2.38,PH,2022-12-30
454,lexington,37.9887,-84.4777,14.94,58,100,5.14,US,2022-12-30
455,khandyga,62.6667,135.6,-27.53,98,99,0.76,RU,2022-12-30
456,pemberton,50.3164,-122.8027,2.09,97,98,0.86,CA,2022-12-30
457,antofagasta,-23.65,-70.4,17.6,83,40,1.24,CL,2022-12-30
458,meybod,32.2501,54.0166,2.01,59,0,1.25,IR,2022-12-30
459,governador dix-sept rosado,-5.4577,-37.5209,25.99,66,30,4.83,BR,2022-12-30
460,aswan,24.0934,32.907,10.61,57,0,2.57,EG,2022-12-30
461,aras,42.5617,-2.356,12.09,87,100,0.51,ES,2022-12-30
462,mahajanga,-15.7167,46.3167,28.01,61,20,4.12,MG,2022-12-30
463,nishihara,26.1842,127.7558,16.6,85,100,8.75,JP,2022-12-30
464,marfino,55.7028,37.3822,-0.86,100,100,3.0,RU,2022-12-30
465,lokosovo,61.1333,74.8167,-28.75,99,11,2.3,RU,2022-12-30
466,elko,41.0002,-115.5012,-1.64,97,100,0.61,US,2022-12-30
467,macklin,52.3334,-109.9348,-13.81,98,70,2.61,CA,2022-12-30
468,svencionys,55.15,26.1667,1.9,98,100,3.82,LT,2022-12-30
469,kunming,25.0389,102.7183,5.96,81,75,4.0,CN,2022-12-30
470,coihaique,-45.5752,-72.0662,11.34,62,0,1.03,CL,2022-12-30
471,fortuna foothills,32.6578,-114.4119,16.23,84,20,4.12,US,2022-12-30
472,huarmey,-10.0681,-78.1522,21.41,83,100,3.38,PE,2022-12-30
473,lac du bonnet,50.2536,-96.0612,-16.62,99,98,2.17,CA,2022-12-30
474,nahariyya,33.0059,35.0941,12.95,62,0,4.33,IL,2022-12-30
475,la palma,33.8464,-118.0467,15.1,85,100,0.45,US,2022-12-30
476,darhan,49.4867,105.9228,-18.64,92,60,0.62,MN,2022-12-30
477,noo,58.2756,26.5375,3.39,97,100,3.6,EE,2022-12-30
478,blue springs,39.0169,-94.2816,8.32,72,0,5.66,US,2022-12-30
479,santa maria,-29.6842,-53.8069,17.32,38,0,2.38,BR,2022-12-30
480,soe,-9.8607,124.284,24.01,74,100,6.27,ID,2022-12-30
481,pontassieve,43.7737,11.4282,13.33,91,75,0.51,IT,2022-12-30
482,medowie,-32.7333,151.8667,27.03,53,26,7.2,AU,2022-12-30
483,asyut,27.181,31.1837,8.1,69,0,3.28,EG,2022-12-30
484,novyy urengoy,66.0833,76.6333,-30.18,100,76,2.72,RU,2022-12-30
485,ballarat,-37.5662,143.8496,26.43,33,32,2.24,AU,2022-12-30
486,wuwei,37.9281,102.6414,-2.26,22,8,0.82,CN,2022-12-30
487,manakara,-22.1333,48.0167,25.01,77,0,1.44,MG,2022-12-30
488,bousso,10.4795,16.7117,16.19,27,83,2.87,TD,2022-12-30
489,burnie,-41.0667,145.9167,18.86,65,100,4.97,AU,2022-12-30
490,don sak,9.3168,99.6918,30.94,60,87,2.67,TH,2022-12-30
491,cabedelo,-6.9811,-34.8339,26.37,82,51,5.6,BR,2022-12-30
492,sungaipenuh,-2.0833,101.3833,25.0,60,86,2.34,ID,2022-12-30
493,richards bay,-28.783,32.0377,20.06,88,100,6.89,ZA,2022-12-30
494,mirnyy,62.5353,113.9611,-35.12,99,35,1.9,RU,2022-12-30
495,ulaangom,49.9811,92.0667,-24.87,92,85,0.21,MN,2022-12-30
496,florencia,43.7667,11.25,13.53,93,75,0.51,IT,2022-12-30
497,porto walter,-8.2686,-72.7439,22.14,99,95,1.12,BR,2022-12-30
498,lujan,-34.5703,-59.105,23.3,67,1,3.87,AR,2022-12-30
499,muros,42.7762,-9.0603,16.16,91,100,10.73,ES,2022-12-30
500,tailai,46.3833,123.4,-10.69,62,5,4.62,CN,2022-12-30
501,ulagan,50.6321,87.9563,-7.24,92,99,0.49,RU,2022-12-30
502,cairns,-16.9167,145.7667,31.73,65,100,1.54,AU,2022-12-30
503,faanui,-16.4833,-151.75,27.47,73,23,6.04,PF,2022-12-30
504,tarquinia,42.2482,11.7553,13.1,93,89,4.39,IT,2022-12-30
505,mount gambier,-37.8333,140.7667,22.11,52,26,3.89,AU,2022-12-30
506,pahrump,36.2083,-115.9839,8.47,69,39,1.39,US,2022-12-30
507,vila do maio,15.1333,-23.2167,22.25,61,48,3.5,CV,2022-12-30
508,mayumba,-3.432,10.6554,24.98,90,98,1.74,GA,2022-12-30
509,santa rosa,14.3122,121.1114,29.5,75,100,4.16,PH,2022-12-30
510,ponta do sol,32.6667,-17.1,19.51,25,11,2.84,PT,2022-12-30
511,fort-shevchenko,44.5086,50.263,2.85,72,34,3.65,KZ,2022-12-30
512,jalu,29.0331,21.5482,12.08,84,1,2.55,LY,2022-12-30
513,kazachinskoye,57.6953,93.2761,-25.24,99,97,0.48,RU,2022-12-30
514,tomatlan,19.9333,-105.25,20.09,59,50,1.56,MX,2022-12-30
515,manicore,-5.8092,-61.3003,22.62,98,100,1.47,BR,2022-12-30
516,the valley,18.217,-63.0578,25.92,76,2,9.71,AI,2022-12-30
517,inverell,-29.7833,151.1167,30.93,34,95,3.13,AU,2022-12-30
518,domoni,-12.2569,44.5319,26.55,78,91,2.9,KM,2022-12-30
519,soyo,-6.1349,12.3689,25.27,86,86,1.74,AO,2022-12-30
520,parainen,60.3067,22.301,4.52,96,100,6.36,FI,2022-12-30
521,utica,43.1009,-75.2327,7.81,74,100,1.68,US,2022-12-30
522,matara,5.9485,80.5353,26.9,62,40,5.56,LK,2022-12-30
523,aktas,49.7789,72.9608,-6.14,96,98,3.47,KZ,2022-12-30
524,sinop,41.7711,34.8709,4.13,70,10,4.33,TR,2022-12-30
525,cudahy,33.9606,-118.1853,14.94,85,100,0.0,US,2022-12-30
526,kudahuvadhoo,2.6708,72.8944,27.45,75,22,5.6,MV,2022-12-30
527,luganville,-15.5333,167.1667,29.64,73,71,1.94,VU,2022-12-30
528,sabang,5.8933,95.3214,26.68,68,100,6.55,ID,2022-12-30
529,sisimiut,66.9395,-53.6735,-11.6,87,100,3.45,GL,2022-12-30
530,vokhma,58.9303,46.7586,-13.66,98,98,1.63,RU,2022-12-30
531,araguaina,-7.1911,-48.2072,22.74,93,82,0.81,BR,2022-12-30
532,ambulu,-8.345,113.6058,29.87,65,99,1.32,ID,2022-12-30
533,aykhal,66.0,111.5,-28.78,99,98,3.61,RU,2022-12-30
534,cap-aux-meules,47.3821,-61.8597,-2.99,80,100,1.54,CA,2022-12-30
535,boda,4.3189,17.4695,19.08,33,44,1.49,CF,2022-12-30
536,walvis bay,-22.9575,14.5053,15.61,88,16,5.14,NA,2022-12-30
537,margate,51.3813,1.3862,8.5,85,42,3.13,GB,2022-12-30
538,namie,37.4833,141.0,6.51,52,63,1.33,JP,2022-12-30
539,catina,37.5021,15.0872,16.04,68,0,4.12,IT,2022-12-30
540,palembang,-2.9167,104.7458,29.05,70,40,5.14,ID,2022-12-30
541,pitimbu,-7.4706,-34.8086,26.33,78,29,4.89,BR,2022-12-30
542,montepuez,-13.1256,38.9997,20.79,94,55,1.24,MZ,2022-12-30
543,shellbrook,53.2168,-106.4011,-16.43,100,45,1.71,CA,2022-12-30
544,fushun,41.8558,123.9233,-3.16,52,1,2.56,CN,2022-12-30
545,jumla,29.2747,82.1838,8.18,48,4,1.45,NP,2022-12-30
546,farafangana,-22.8167,47.8333,24.27,82,6,1.37,MG,2022-12-30
547,bautzen,51.1833,14.4333,8.4,74,100,2.68,DE,2022-12-30
548,tamluk,22.3,87.9167,20.99,29,18,2.31,IN,2022-12-30
549,kiunga,-6.1219,141.2906,30.61,57,100,0.92,PG,2022-12-30
550,tevaitoa,-16.7833,-151.5,27.25,74,19,6.37,PF,2022-12-30
551,faya,18.3851,42.4509,12.06,86,82,0.91,SA,2022-12-30
552,fare,-16.7,-151.0167,27.03,76,35,6.3,PF,2022-12-30
553,pasni,25.2631,63.471,18.71,44,0,12.89,PK,2022-12-30
554,udachnyy,66.4167,112.4,-25.31,75,100,5.74,RU,2022-12-30
555,kajiado,-1.8524,36.7768,13.72,81,90,5.76,KE,2022-12-30
556,iskateley,67.6803,53.1512,-19.21,93,100,3.97,RU,2022-12-30
557,porto novo,6.4965,2.6036,23.9,81,6,2.0,BJ,2022-12-30
558,khash,28.2211,61.2158,4.58,51,0,1.93,IR,2022-12-30
559,khalkhal,37.6189,48.5258,-3.13,88,20,0.58,IR,2022-12-30
560,akcakoca,41.0866,31.1162,8.67,68,2,2.0,TR,2022-12-30
561,kuching,1.55,110.3333,30.12,67,40,4.12,MY,2022-12-30
562,yamada,39.4667,141.95,4.31,47,83,5.24,JP,2022-12-30
563,sambava,-14.2667,50.1667,23.89,84,27,2.68,MG,2022-12-30
564,los angeles,34.0522,-118.2437,14.6,88,100,1.54,US,2022-12-30
565,nelson bay,-32.7167,152.15,26.03,70,34,1.34,AU,2022-12-30
566,ovsyanka,55.9575,92.5519,-19.32,97,94,0.55,RU,2022-12-30
567,belaya gora,68.5333,146.4167,-29.05,98,100,2.72,RU,2022-12-30
568,victor harbor,-35.5667,138.6167,24.82,64,0,0.45,AU,2022-12-30
569,concepcion del uruguay,-32.4825,-58.2372,21.81,54,0,3.55,AR,2022-12-30
570,jutai,-5.1833,-68.9,22.43,99,100,0.83,BR,2022-12-30
571,lisakovsk,52.5369,62.4936,-10.45,96,100,2.3,KZ,2022-12-30
572,leh,34.1667,77.5833,-5.87,92,99,1.7,IN,2022-12-30
573,chenzhou,25.8,113.0333,5.22,86,100,1.41,CN,2022-12-30
574,wynyard,-41.0,145.7167,18.88,65,100,5.12,AU,2022-12-30
575,saint-leu,-21.15,55.2833,27.46,76,19,0.71,RE,2022-12-30
576,kaeo,-35.1,173.7833,25.74,67,10,2.7,NZ,2022-12-30
